freq,unit,geo\TIME_PERIOD	2012 	2013 	2014 	2015 	2016 	2017 	2018 	2019 	2020 	2021 	2022 	2023 
A,PC_HH,AT11	74.91 	79.29 	81.76 	: 	82.54 	85.86 	89.85 	87.71 	87.19 	92.86 	90.47 	93.66 
A,PC_HH,AT12	78.99 	75.64 	77.77 	: 	82.53 	88.86 	85.99 	91.69 	91.65 	94.74 	91.25 	95.91 
A,PC_HH,AT13	84.31 	83.49 	84.47 	: 	88.45 	89.36 	90.95 	91.83 	92.95 	96.15 	96.31 	96.18 
A,PC_HH,AT21	77.19 	76.50 	74.90 	: 	83.75 	85.50 	85.21 	87.30 	87.37 	92.24 	91.25 	93.05 
A,PC_HH,AT22	78.06 	81.56 	80.14 	: 	82.45 	90.33 	87.99 	85.55 	85.97 	94.12 	92.64 	92.67 
A,PC_HH,AT31	76.80 	82.81 	80.42 	: 	85.81 	88.89 	89.64 	88.68 	90.44 	95.98 	92.25 	94.49 
A,PC_HH,AT32	80.38 	78.85 	85.14 	: 	85.69 	88.07 	89.98 	89.76 	88.08 	96.00 	92.52 	95.86 
A,PC_HH,AT33	73.94 	83.94 	81.70 	: 	84.17 	89.32 	88.69 	92.95 	91.54 	93.11 	94.70 	95.60 
A,PC_HH,AT34	81.03 	83.81 	81.50 	: 	88.05 	87.10 	90.77 	90.42 	93.40 	96.89 	91.71 	94.97 
A,PC_HH,BE10	78.51 	78.03 	80.08 	80.34 	88.02 	85.27 	87.78 	88.97 	89.52 	92.53 	95.76 	95.01 
A,PC_HH,BE21	80.44 	85.77 	85.95 	83.60 	86.40 	88.61 	89.42 	92.85 	90.75 	92.79 	96.79 	96.06 
A,PC_HH,BE22	82.09 	83.23 	88.95 	85.06 	88.02 	89.86 	89.46 	92.94 	91.83 	93.09 	96.34 	94.24 
A,PC_HH,BE23	81.18 	82.61 	86.05 	83.10 	87.16 	86.02 	88.24 	89.20 	93.22 	92.75 	94.27 	93.92 
A,PC_HH,BE24	82.73 	82.59 	87.24 	87.58 	87.32 	88.51 	89.99 	93.53 	94.21 	96.83 	94.48 	98.68 
A,PC_HH,BE25	76.50 	78.28 	83.18 	81.67 	83.47 	87.80 	88.00 	90.49 	90.63 	93.95 	94.54 	92.86 
A,PC_HH,BE31	87.58 	83.83 	86.98 	84.70 	88.10 	88.68 	88.92 	90.96 	95.91 	95.53 	97.68 	94.05 
A,PC_HH,BE32	67.25 	72.14 	74.46 	77.01 	75.42 	78.94 	82.15 	83.46 	87.10 	88.20 	91.74 	93.73 
A,PC_HH,BE33	72.10 	76.93 	77.39 	77.91 	83.60 	84.57 	85.59 	88.66 	92.01 	91.67 	92.91 	94.20 
A,PC_HH,BE34	75.79 	76.42 	81.24 	81.61 	88.39 	84.54 	86.15 	89.98 	86.66 	89.25 	90.48 	91.43 
A,PC_HH,BE35	75.64 	78.82 	81.59 	78.19 	79.18 	82.72 	80.94 	85.27 	85.61 	86.22 	90.58 	90.29 
A,PC_HH,BG31	38.23 	42.81 	44.88 	44.86 	58.56 	57.77 	65.22 	70.80 	66.15 	73.50 	83.07 	82.57 
A,PC_HH,BG32	47.53 	49.57 	58.45 	58.21 	61.53 	67.77 	68.53 	73.17 	74.76 	82.67 	85.63 	85.36 
A,PC_HH,BG33	47.89 	51.54 	56.16 	56.48 	67.34 	68.69 	73.89 	74.02 	77.70 	85.23 	85.39 	86.52 
A,PC_HH,BG34	49.64 	46.54 	52.30 	58.64 	60.85 	62.12 	69.97 	74.73 	77.24 	81.73 	84.92 	87.49 
A,PC_HH,BG41	59.31 	64.28 	63.68 	67.75 	64.89 	70.51 	75.27 	77.80 	85.86 	86.23 	90.48 	92.82 
A,PC_HH,BG42	50.25 	52.68 	54.83 	56.59 	64.94 	70.42 	73.70 	75.27 	79.19 	85.53 	88.61 	87.82 
A,PC_HH,CH01	: 	: 	90.76 	: 	: 	90.99 b	: 	96.48 	: 	99.07 	: 	99.84 
A,PC_HH,CH02	: 	: 	85.22 	: 	: 	93.89 b	: 	92.81 	: 	97.52 	: 	99.82 
A,PC_HH,CH03	: 	: 	91.68 	: 	: 	94.62 b	: 	96.76 	: 	97.92 	: 	99.85 
A,PC_HH,CH04	: 	: 	95.23 	: 	: 	94.08 b	: 	95.75 	: 	99.63 	: 	100.00 
A,PC_HH,CH05	: 	: 	92.41 	: 	: 	93.74 b	: 	97.26 	: 	99.24 	: 	99.03 
A,PC_HH,CH06	: 	: 	93.35 	: 	: 	93.50 b	: 	96.41 	: 	99.02 	: 	99.14 
A,PC_HH,CH07	: 	: 	85.03 	: 	: 	85.70 b	: 	92.47 	: 	98.66 	: 	99.24 
A,PC_HH,CY00	61.82 	64.71 	68.64 	71.21 	74.35 	79.41 	86.17 	89.61 	92.78 	93.41 	94.00 	92.30 
A,PC_HH,CZ01	80.67 	80.30 	87.99 	88.47 	90.68 	89.31 	93.17 	93.23 	94.74 	94.16 	96.30 	95.95 
A,PC_HH,CZ02	74.10 	78.91 	81.16 	82.61 	85.21 	86.68 	86.66 	87.86 	87.79 	89.31 	92.38 	91.93 
A,PC_HH,CZ03	72.37 	71.05 	76.84 	80.92 	81.97 	82.50 	86.17 	86.42 	87.68 	92.22 	92.32 	93.46 
A,PC_HH,CZ04	66.01 	66.71 	69.33 	71.18 	75.50 	78.40 	81.66 	79.30 	82.28 	86.03 	87.57 	92.11 
A,PC_HH,CZ05	71.81 	72.79 	74.95 	81.60 	79.82 	80.01 	83.68 	86.36 	86.88 	87.32 	90.27 	91.87 
A,PC_HH,CZ06	73.76 	73.23 	78.92 	76.23 	81.15 	84.64 	86.83 	87.93 	90.08 	88.11 	89.84 	92.37 
A,PC_HH,CZ07	67.78 	68.31 	77.57 	74.50 	77.17 	81.56 	83.38 	84.02 	88.11 	87.94 	87.91 	92.11 
A,PC_HH,CZ08	71.70 	68.18 	75.88 	75.41 	80.36 	81.44 	88.43 	89.54 	85.67 	88.80 	94.82 	92.20 
A,PC_HH,DK01	94.34 	94.10 	95.11 	91.19 	95.08 	98.08 	92.69 	95.33 	95.67 	97.07 	95.95 	98.00 
A,PC_HH,DK02	90.20 	89.40 	92.69 	93.21 	94.62 	96.09 	91.13 	94.74 	94.48 	94.64 	95.49 	92.78 
A,PC_HH,DK03	88.92 	91.33 	90.29 	93.53 	91.73 	97.34 	91.79 	95.32 	95.63 	95.57 	94.54 	95.71 
A,PC_HH,DK04	94.39 	93.79 	94.23 	90.89 	95.15 	96.35 	93.90 	96.24 	95.83 	97.12 	94.43 	96.45 
A,PC_HH,DK05	89.54 	93.44 	90.76 	89.73 	95.15 	95.40 	93.95 	95.17 	93.18 	93.93 	95.11 	94.67 
A,PC_HH,EE00	73.82 	79.31 	82.90 b	87.73 	86.19 	88.27 	90.47 	90.43 	89.98 	91.82 	92.41 	93.22 
A,PC_HH,ES11	62.32 	64.58 	69.62 	75.56 	78.68 	78.78 	82.56 	88.76 	92.40 	93.29 	93.35 	94.24 
A,PC_HH,ES12	65.51 	70.68 	72.83 	78.81 	79.70 	81.26 	85.86 	91.14 	93.37 	94.31 	94.26 	96.25 
A,PC_HH,ES13	66.92 	74.62 	73.91 	79.60 	79.64 	83.51 	83.00 	90.81 	93.87 	95.01 	94.68 	95.48 
A,PC_HH,ES21	70.68 	73.38 	77.78 	82.78 	82.64 	86.78 	89.11 	91.54 	95.46 	95.53 	96.35 	96.64 
A,PC_HH,ES22	68.19 	71.53 	75.98 	80.83 	82.50 	88.35 	87.19 	95.03 	96.49 	96.19 	96.43 	96.33 
A,PC_HH,ES23	64.35 	64.75 	69.99 	75.22 	79.25 	81.00 	82.50 	90.62 	93.63 	94.95 	94.33 	96.06 
A,PC_HH,ES24	66.52 	67.65 	70.54 	77.15 	81.59 	84.92 	88.68 	92.15 	96.28 	96.30 	98.15 	97.66 
A,PC_HH,ES30	77.27 	79.79 	83.14 	86.37 	88.31 	88.92 	91.48 	94.51 	97.07 	97.54 	97.78 	97.73 
A,PC_HH,ES41	62.93 	67.04 	68.74 	73.93 	77.55 	79.15 	82.27 	88.97 	93.89 	95.60 	94.85 	93.62 
A,PC_HH,ES42	60.63 	63.41 	66.84 	73.88 	78.25 	80.59 	80.93 	86.81 	93.23 	94.43 	95.02 	95.96 
A,PC_HH,ES43	58.39 	63.04 	68.01 	71.62 	79.56 	79.40 	78.58 	89.30 	94.20 	94.55 	94.61 	93.53 
A,PC_HH,ES51	70.26 	72.13 	77.62 	80.73 	82.87 	83.70 	87.66 	94.00 	96.66 	96.87 	97.40 	97.22 
A,PC_HH,ES52	60.11 	67.10 	70.64 	75.36 	80.73 	81.96 	86.80 	90.60 	95.81 	96.82 	96.25 	97.15 
A,PC_HH,ES53	72.78 	68.92 	78.39 	80.04 	82.02 	89.32 	90.75 	93.13 	95.61 	97.27 	97.51 	97.27 
A,PC_HH,ES61	63.31 	66.33 	72.68 	76.36 	80.62 	81.67 	83.69 	89.68 	94.74 	94.47 	94.50 	95.80 
A,PC_HH,ES62	62.88 	66.28 	72.77 	78.89 	81.39 	86.02 	87.36 	91.29 	94.38 	96.93 	96.94 	97.05 
A,PC_HH,ES63	71.25 	81.44 	81.35 	82.22 	83.93 	88.42 	91.69 	91.68 u	96.01 	92.51 	97.27 	95.54 
A,PC_HH,ES64	64.46 	66.62 	83.24 	78.46 	86.22 	80.83 	88.86 	91.24 	98.86 	98.62 	100.00 	98.55 
A,PC_HH,ES70	63.94 	66.99 	72.61 	78.60 	82.12 	80.89 	87.35 	91.10 	96.18 	96.70 	96.94 	97.11 
A,PC_HH,FI19	85.91 	86.66 	89.00 	87.98 	88.89 	93.24 	94.52 	93.36 	97.12 	96.55 	96.96 	96.79 
A,PC_HH,FI1B	92.05 	93.00 	94.01 	95.26 	94.65 	98.10 	96.91 	96.60 	97.86 	99.07 	98.23 	98.37 
A,PC_HH,FI1C	84.88 	90.13 	88.88 	87.12 	93.76 	92.70 	92.01 	95.04 	95.99 	95.80 	98.11 	96.78 
A,PC_HH,FI1D	83.30 	86.59 	86.55 	88.25 	90.15 	92.70 	92.88 	91.97 	92.45 	94.11 	96.91 	94.67 
A,PC_HH,FR10	: 	: 	88.92 	87.08 	89.70 	90.79 	91.79 	93.16 	: 	96.11 	94.12 	95.07 
A,PC_HH,FRB0	: 	: 	83.01 	82.23 	85.64 	83.86 	89.45 	90.26 	: 	94.07 	90.04 	90.98 
A,PC_HH,FRC1	: 	: 	77.47 	75.14 	84.33 	88.51 	83.18 	87.56 	: 	89.60 	88.36 	93.08 
A,PC_HH,FRC2	: 	: 	87.36 	82.29 	80.87 	80.69 	84.34 	88.79 	: 	94.36 	92.43 	95.68 
A,PC_HH,FRD1	: 	: 	69.67 	82.32 	86.37 	80.52 	85.74 	87.21 	: 	93.02 	90.20 	91.11 
A,PC_HH,FRD2	: 	: 	85.33 	81.69 	87.60 	85.00 	87.99 	87.92 	: 	91.34 	92.34 	89.66 
A,PC_HH,FRE1	: 	: 	83.18 	77.97 	82.67 	82.65 	87.30 	89.27 	: 	91.36 	92.06 	93.87 
A,PC_HH,FRE2	: 	: 	82.24 	82.21 	83.32 	87.32 	88.09 	85.14 	: 	89.55 	90.62 	94.35 
A,PC_HH,FRF1	: 	: 	83.46 	82.26 	84.49 	86.50 	90.81 	88.00 	: 	93.20 	92.84 	93.77 
A,PC_HH,FRF2	: 	: 	78.70 	81.78 	83.98 	85.77 	86.15 	87.40 	: 	92.26 	91.27 	93.01 
A,PC_HH,FRF3	: 	: 	81.83 	83.60 	88.90 	87.31 	90.02 	90.95 	: 	94.24 	88.18 	94.63 
A,PC_HH,FRG0	: 	: 	83.59 	85.59 	85.32 	86.80 	90.20 	92.95 	: 	94.62 	94.13 	94.29 
A,PC_HH,FRH0	: 	: 	78.18 	80.69 	82.85 	85.68 	89.18 	92.80 	: 	91.78 	93.42 	91.58 
A,PC_HH,FRI1	: 	: 	83.87 	85.28 	88.60 	87.61 	90.64 	91.24 	: 	94.20 	92.28 	93.87 
A,PC_HH,FRI2	: 	: 	79.46 	77.99 	80.54 	81.50 	74.36 	90.43 	: 	87.40 	86.86 	87.71 
A,PC_HH,FRI3	: 	: 	84.12 	79.96 	84.70 	79.74 	87.73 	91.94 	: 	92.82 	94.63 	91.33 
A,PC_HH,FRJ1	: 	: 	85.91 	77.24 	81.68 	84.33 	89.89 	87.73 	: 	94.29 	92.61 	92.61 
A,PC_HH,FRJ2	: 	: 	83.66 	83.80 	89.86 	87.79 	88.90 	88.88 	: 	90.94 	88.70 	93.38 
A,PC_HH,FRK1	: 	: 	81.05 	75.66 	87.25 	86.60 	88.72 	86.04 	: 	91.39 	91.69 	89.90 
A,PC_HH,FRK2	: 	: 	83.47 	85.24 	87.14 	88.73 	88.11 	92.31 	: 	94.05 	94.10 	93.41 
A,PC_HH,FRL0	: 	: 	80.38 	84.03 	86.04 	89.24 	89.19 	89.27 	: 	93.70 	93.30 	94.97 
A,PC_HH,FRM0	: 	: 	73.20 u	58.45 u	75.81 u	69.91 u	90.00 u	89.64 u	: 	86.51 u	89.42 u	85.41 u
A,PC_HH,FRY1	: 	: 	: 	69.25 	70.97 	75.05 	65.74 	77.25 	: 	83.09 	89.98 	88.31 
A,PC_HH,FRY2	: 	: 	: 	67.60 	74.94 	74.72 	76.31 	84.33 	: 	89.60 	84.10 	92.93 
A,PC_HH,FRY3	: 	: 	: 	72.16 	56.94 	73.75 	64.29 	85.22 	: 	86.72 	80.52 	77.05 
A,PC_HH,FRY4	: 	: 	: 	72.32 	74.91 	65.40 	80.50 	75.11 	: 	92.27 	86.83 	92.28 
A,PC_HH,HR03	66.42 	64.69 	71.86 	81.40 	77.83 	73.49 	83.76 	83.84 	88.28 	87.38 	85.32 	87.84 
A,PC_HH,HR04	66.41 	64.52 	66.66 	74.46 	77.10 	77.89 	80.42 	78.81 	83.36 	: 	: 	: 
A,PC_HH,HU10	76.06 	78.24 	80.63 	83.47 	86.45 	88.99 	: 	: 	: 	: 	: 	: 
A,PC_HH,HU11	: 	: 	: 	: 	: 	: 	89.75 	92.11 	94.21 	95.62 	95.62 	98.11 
A,PC_HH,HU12	: 	: 	: 	: 	: 	: 	87.96 	88.80 	87.21 	93.62 	94.52 	95.12 
A,PC_HH,HU21	69.84 	71.06 	75.42 	78.20 	80.82 	85.30 	86.59 	87.95 	91.27 	92.10 	94.68 	95.48 
A,PC_HH,HU22	67.42 	70.69 	76.16 	79.48 	82.55 	83.43 	84.52 	85.46 	85.84 	91.89 	91.99 	91.52 
A,PC_HH,HU23	60.92 	65.46 	71.09 	73.50 	76.78 	80.72 	81.34 	85.21 	86.68 	89.03 	90.30 	90.01 
A,PC_HH,HU31	58.61 	65.50 	65.25 	68.69 	74.19 	75.48 	77.97 	81.61 	83.76 	86.26 	86.91 	90.63 
A,PC_HH,HU32	58.64 	62.01 	65.98 	67.81 	72.15 	76.46 	77.10 	82.88 	85.49 	88.04 	88.17 	87.85 
A,PC_HH,HU33	62.53 	62.61 	66.96 	68.28 	71.58 	76.48 	78.34 	82.13 	82.92 	86.72 	87.11 	89.83 
A,PC_HH,IE01	77.18 	78.59 	77.18 	81.75 	83.41 	83.57 	: 	: 	: 	: 	: 	: 
A,PC_HH,IE02	82.57 	83.81 	83.99 	85.98 	88.16 	90.10 	: 	: 	: 	: 	: 	: 
A,PC_HH,IE04	: 	: 	: 	: 	: 	: 	81.95 	85.80 	94.12 	98.62 b	: u	94.98 
A,PC_HH,IE05	: 	: 	: 	: 	: 	: 	88.19 	90.10 	89.49 	97.35 b	: u	91.37 
A,PC_HH,IE06	: 	: 	: 	: 	: 	: 	92.78 	92.79 	92.58 	97.18 b	: u	95.31 
A,PC_HH,IS00	: 	: 	: 	: 	: 	97.86 	99.18 	97.70 	98.48 	98.36 	: 	: 
A,PC_HH,ITC1	61.38 	66.55 	72.53 	75.48 	79.58 	82.12 	85.66 	84.64 	88.39 	90.90 	92.09 	92.65 
A,PC_HH,ITC2	66.58 	68.27 	69.54 	77.01 	77.35 	76.16 	82.03 	86.26 	87.49 	94.08 	88.87 	91.48 
A,PC_HH,ITC3	64.34 	66.24 	70.35 	76.26 	78.62 	84.04 	86.24 	85.90 	89.60 	92.20 	93.69 	92.80 
A,PC_HH,ITC4	68.25 	72.14 	76.58 	78.45 	83.75 	84.48 	87.84 	88.29 	90.10 	92.75 	94.26 	94.59 
A,PC_HH,ITF1	59.38 	69.42 	72.52 	74.54 	79.42 	81.88 	82.80 	85.13 	86.67 	89.41 	89.37 	90.09 
A,PC_HH,ITF2	57.53 	60.64 	67.57 	71.69 	74.00 	78.27 	75.24 	79.80 	81.25 	86.45 	91.13 	91.10 
A,PC_HH,ITF3	56.22 	61.89 	66.34 	71.15 	71.86 	78.31 	78.25 	79.75 	84.94 	88.91 	89.27 	88.08 
A,PC_HH,ITF4	56.67 	62.13 	67.85 	68.22 	71.69 	76.19 	78.44 	78.51 	81.82 	84.39 	87.84 	87.80 
A,PC_HH,ITF5	51.11 	66.96 	63.72 	68.96 	71.97 	74.96 	78.60 	79.90 	80.79 	86.85 	86.43 	84.22 
A,PC_HH,ITF6	54.07 	59.52 	62.58 	66.77 	68.63 	70.86 	74.74 	76.99 	77.38 	84.86 	83.22 	82.40 
A,PC_HH,ITG1	55.25 	58.89 	63.79 	67.16 	69.92 	75.19 	75.78 	77.97 	79.87 	84.79 	88.55 	88.14 
A,PC_HH,ITG2	63.65 	70.28 	76.20 	74.79 	80.46 	79.64 	86.80 	85.40 	86.45 	91.56 	89.51 	92.60 
A,PC_HH,ITH1	70.29 	75.72 	79.61 	81.04 	79.17 	82.32 	87.40 	88.07 	92.24 	90.57 	92.98 	93.34 
A,PC_HH,ITH2	68.24 	71.43 	77.00 	81.04 	81.66 	83.08 	88.94 	92.16 	93.42 	93.22 	97.16 	95.61 
A,PC_HH,ITH3	64.70 	74.72 	75.04 	78.84 	81.57 	82.08 	86.77 	88.89 	91.45 	91.53 	93.19 	94.77 
A,PC_HH,ITH4	65.04 	71.61 	77.77 	79.95 	80.72 	81.90 	84.76 	88.33 	93.23 	91.98 	92.66 	92.33 
A,PC_HH,ITH5	66.75 	75.08 	78.88 	79.45 	81.91 	84.08 	89.87 	90.32 	92.07 	93.83 	92.37 	94.05 
A,PC_HH,ITI1	63.85 	72.65 	75.56 	76.03 	81.63 	82.54 	87.11 	86.52 	91.80 	91.96 	93.42 	93.76 
A,PC_HH,ITI2	63.17 	73.06 	71.96 	78.42 	79.40 	80.05 	84.55 	86.26 	87.04 	91.23 	91.94 	92.14 
A,PC_HH,ITI3	66.94 	73.32 	74.51 	79.21 	79.57 	84.98 	88.23 	87.02 	90.64 	89.06 	92.83 	93.49 
A,PC_HH,ITI4	67.06 	72.52 	74.14 	78.86 	80.89 	82.14 	86.51 	88.01 	92.09 	93.06 	91.40 	93.04 
A,PC_HH,LT00	60.12 	64.73 	65.97 	68.26 	71.75 	74.97 	: 	: 	: 	: 	: 	: 
A,PC_HH,LT01	: 	: 	: 	: 	: 	: 	81.75 	83.39 	86.59 	88.03 	89.49 	92.05 
A,PC_HH,LT02	: 	: 	: 	: 	: 	: 	77.06 	80.77 	80.34 	85.94 	86.96 	87.11 
A,PC_HH,LU00	93.08 	94.46 	95.56 	96.78 	97.04 	97.23 	92.99 b	95.20 	93.57 	99.18 	97.64 	99.06 
A,PC_HH,LV00	68.68 	71.60 	73.38 	76.00 	77.34 b	78.61 	81.58 	85.45 	89.73 	91.15 	91.39 	93.07 
A,PC_HH,MK00	58.30 	65.08 	68.34 	69.38 	75.29 	73.58 	79.32 	81.62 	79.39 	: 	: 	: 
A,PC_HH,MT00	76.70 	78.04 	80.32 	81.00 	81.41 	84.77 	84.14 	86.08 	90.36 	90.54 	93.39 	93.54 
A,PC_HH,NL11	93.23 	94.52 	94.28 	96.79 	98.54 	100.00 	99.06 	95.56 	96.04 	98.58 	98.62 	98.59 
A,PC_HH,NL12	93.94 	90.68 	97.01 	93.58 	95.35 	97.65 	95.78 	97.17 	96.40 	96.91 	96.42 	98.46 
A,PC_HH,NL13	96.17 	94.50 	94.81 	94.29 	95.98 	99.09 	96.89 	96.16 	97.85 	97.51 	100.00 	99.40 
A,PC_HH,NL21	94.54 	95.16 	97.36 	98.51 	96.96 	95.99 	98.33 	96.68 	97.48 	99.39 	99.16 	99.17 
A,PC_HH,NL22	93.74 	94.43 	97.52 	96.19 	97.12 	96.23 	99.08 	99.18 	97.22 	98.73 	98.18 	98.39 
A,PC_HH,NL23	97.60 	96.79 	91.02 	96.32 	100.00 	100.00 	93.01 	99.22 	98.74 	98.23 	94.89 	98.90 
A,PC_HH,NL31	91.49 	98.30 	96.68 	96.86 	97.28 	98.01 	96.52 	98.29 	96.93 	99.48 	99.16 	99.53 
A,PC_HH,NL32	94.53 	96.60 	95.20 	95.89 	96.26 	99.05 	98.48 	99.05 	97.88 	98.50 	98.93 	99.42 
A,PC_HH,NL33	92.38 	93.14 	95.10 	95.54 	96.84 	98.69 	98.51 	98.46 	96.36 	98.39 	98.04 	98.31 
A,PC_HH,NL34	95.50 	91.52 	99.01 	93.51 	93.23 	97.33 	97.11 	98.74 	94.62 	100.00 	97.79 	99.09 
A,PC_HH,NL41	93.56 	93.01 	95.41 	95.67 	96.67 	98.18 	98.39 	98.66 	96.93 	98.50 	98.26 	98.93 
A,PC_HH,NL42	92.87 	96.29 	95.89 	96.60 	94.99 	99.35 	96.87 	99.19 	96.07 	98.12 	97.11 	98.81 
A,PC_HH,NO01	94.48 	96.19 	98.29 	96.61 	96.64 	97.75 	96.06 	99.38 	99.13 	: 	: 	: 
A,PC_HH,NO02	87.42 	95.28 	85.42 	99.21 	93.71 	97.06 	99.38 	100.00 	81.63 	100.00 	100.00 	99.52 
A,PC_HH,NO03	92.18 	92.99 	93.04 	98.04 	97.31 	98.06 	94.75 	98.65 	94.93 	: 	: 	: 
A,PC_HH,NO04	95.33 	89.50 	89.12 	93.10 	98.76 	97.32 	100.00 	100.00 	95.51 	: 	: 	: 
A,PC_HH,NO05	92.19 	95.09 	94.85 	98.22 	100.00 	96.15 	95.98 	96.89 	96.22 	: 	: 	: 
A,PC_HH,NO06	90.88 	98.32 	85.65 	90.63 	100.00 	88.81 	94.26 	94.82 	100.00 	100.00 	96.90 	98.86 
A,PC_HH,NO07	92.84 	92.72 	95.50 	99.19 	91.79 	98.61 	90.90 	98.44 	100.00 	99.73 	98.57 	100.00 
A,PC_HH,PL21	: 	: 	: 	: 	: 	: 	: 	: 	: 	: 	: 	94.45 
A,PC_HH,PL22	: 	: 	: 	: 	: 	: 	: 	: 	: 	: 	: 	93.84 
A,PC_HH,PL41	: 	: 	: 	: 	: 	: 	: 	: 	: 	: 	: 	93.73 
A,PC_HH,PL42	: 	: 	: 	: 	: 	: 	: 	: 	: 	: 	: 	86.68 
A,PC_HH,PL43	: 	: 	: 	: 	: 	: 	: 	: 	: 	: 	: 	91.16 
A,PC_HH,PL51	: 	: 	: 	: 	: 	: 	: 	: 	: 	: 	: 	93.91 
A,PC_HH,PL52	: 	: 	: 	: 	: 	: 	: 	: 	: 	: 	: 	95.10 
A,PC_HH,PL61	: 	: 	: 	: 	: 	: 	: 	: 	: 	: 	: 	93.72 
A,PC_HH,PL62	: 	: 	: 	: 	: 	: 	: 	: 	: 	: 	: 	90.68 
A,PC_HH,PL63	: 	: 	: 	: 	: 	: 	: 	: 	: 	: 	: 	93.55 
A,PC_HH,PL71	: 	: 	: 	: 	: 	: 	: 	: 	: 	: 	: 	92.33 
A,PC_HH,PL72	: 	: 	: 	: 	: 	: 	: 	: 	: 	: 	: 	92.12 
A,PC_HH,PL81	: 	: 	: 	: 	: 	: 	: 	: 	: 	: 	: 	92.27 
A,PC_HH,PL82	: 	: 	: 	: 	: 	: 	: 	: 	: 	: 	: 	92.80 
A,PC_HH,PL84	: 	: 	: 	: 	: 	: 	: 	: 	: 	: 	: 	92.45 
A,PC_HH,PL91	: 	: 	: 	: 	: 	: 	: 	: 	: 	: 	: 	96.19 
A,PC_HH,PL92	: 	: 	: 	: 	: 	: 	: 	: 	: 	: 	: 	93.40 
A,PC_HH,PT11	57.95 	59.51 	63.18 	66.88 	71.53 	74.37 	76.67 	77.92 	81.79 	85.02 	85.29 	86.23 
A,PC_HH,PT15	60.71 	61.79 	65.12 	69.12 	72.81 	73.17 	76.53 	80.29 	85.75 	89.18 	89.62 	89.56 
A,PC_HH,PT16	55.22 	56.07 	59.15 	65.86 	69.62 	72.44 	75.09 	76.74 	80.35 	83.64 	84.43 	85.92 
A,PC_HH,PT17	71.91 	72.56 	73.08 	79.24 	82.37 	85.46 	87.65 	88.73 	90.93 	93.22 	93.88 	94.62 
A,PC_HH,PT18	48.78 	51.69 	54.37 	61.24 	63.14 	66.75 	70.57 	73.87 	80.55 	82.07 	86.56 	86.58 
A,PC_HH,PT20	64.07 	66.29 	70.19 	75.87 	79.87 	84.20 	86.48 	85.77 	87.81 	90.85 	93.52 	93.63 
A,PC_HH,PT30	60.54 	64.09 	67.12 	73.97 	78.82 	81.35 	82.71 	86.05 	87.97 	90.52 	90.84 	91.47 
A,PC_HH,RO11	56.77 	61.62 	63.47 b	71.96 	76.06 	80.82 	87.39 	86.58 	89.78 	90.10 	91.23 	93.78 
A,PC_HH,RO12	46.83 	53.35 	55.06 b	67.98 	68.93 	72.34 	77.92 	83.63 	85.33 	89.91 	90.87 	90.33 
A,PC_HH,RO21	45.28 	50.65 	54.85 b	60.77 	65.02 	69.65 	74.10 	79.97 	81.82 	87.42 	85.15 	90.97 
A,PC_HH,RO22	52.95 	57.01 	57.88 b	60.09 	68.95 	72.06 	72.69 	78.80 	80.53 	85.09 	87.15 	88.97 
A,PC_HH,RO31	49.62 	52.12 	52.14 b	61.99 	66.31 	71.35 	75.94 	79.63 	82.91 	86.26 	86.92 	90.73 
A,PC_HH,RO32	74.77 	79.01 	84.05 b	82.26 	89.35 	88.03 	95.59 	90.93 	95.89 	93.78 	96.71 	96.93 
A,PC_HH,RO41	48.89 	53.36 	52.93 b	65.49 	74.41 	76.59 	81.10 	83.96 	84.89 	86.56 	87.02 	91.54 
A,PC_HH,RO42	61.28 	62.98 	67.77 b	76.09 	74.41 	85.56 	85.96 	88.17 	91.22 	91.68 	91.35 	93.17 
A,PC_HH,RS11	: 	: 	: 	: 	: 	: 	: 	89.65 	94.07 	92.88 	93.04 	93.00 
A,PC_HH,RS12	: 	: 	: 	: 	: 	: 	: 	81.57 	75.26 	77.76 	81.88 	84.41 
A,PC_HH,RS21	: 	: 	: 	: 	: 	: 	: 	75.58 	77.51 	79.19 	80.72 	83.29 
A,PC_HH,RS22	: 	: 	: 	: 	: 	: 	: 	72.23 	77.29 	76.07 	76.62 	80.02 
A,PC_HH,SE11	94.83 	94.02 	91.95 	91.22 	97.38 b	97.05 	95.25 	95.04 	96.60 	95.98 	97.65 	96.19 
A,PC_HH,SE12	90.37 	91.80 	90.96 	90.63 	93.04 b	94.33 	93.57 	95.20 	94.59 	95.14 	92.23 	93.03 
A,PC_HH,SE21	89.61 	90.52 	90.90 	88.40 	86.70 b	91.29 	92.84 	98.30 	94.75 	91.63 	95.67 	95.75 
A,PC_HH,SE22	93.08 	93.27 	87.68 	92.13 	96.78 b	94.34 	94.84 	95.28 	94.68 	92.56 	95.21 	95.39 
A,PC_HH,SE23	91.85 	91.80 	92.58 	90.87 	94.25 b	95.72 	93.67 	97.41 	93.95 	91.31 	94.55 	95.43 
A,PC_HH,SE31	85.55 	93.18 	80.40 	88.90 	89.08 b	88.32 	91.19 	94.11 	85.56 	92.64 	95.55 	91.17 
A,PC_HH,SE32	88.99 	95.79 u	86.45 	92.28 	87.63 b	100.00 u	87.43 u	100.00 u	94.39 	93.87 	81.49 	95.46 
A,PC_HH,SE33	91.66 	90.68 	86.77 	97.07 	94.45 b	96.94 	90.47 	97.20 	89.71 	86.86 	89.40 	95.65 
A,PC_HH,SI01	: 	: 	74.75 	: 	: 	: 	: 	: 	: 	: 	: 	: 
A,PC_HH,SI02	: 	: 	78.96 	: 	: 	: 	: 	: 	: 	: 	: 	: 
A,PC_HH,SI03	: 	: 	: 	73.19 	77.08 	79.67 	84.13 	86.65 	89.44 	91.08 	90.45 	92.79 
A,PC_HH,SI04	: 	: 	: 	82.78 	80.06 	84.28 	89.88 	91.71 	90.61 	95.28 	95.03 	94.77 
A,PC_HH,SK01	83.97 	83.40 	79.90 	80.70 	85.25 	84.97 	88.94 	83.72 	90.13 	96.14 	95.74 	95.72 
A,PC_HH,SK02	75.19 	76.94 	77.67 	79.24 	78.96 	78.52 	81.43 	82.49 	85.03 	89.46 	89.48 	87.36 
A,PC_HH,SK03	70.85 	76.73 	77.67 	79.38 	79.11 	81.23 	78.26 	80.56 	85.94 	90.51 	89.15 	91.15 
A,PC_HH,SK04	76.18 	77.78 	79.11 	79.27 	81.48 	83.25 	78.47 	82.56 	84.46 	87.04 	91.05 	91.53 
